id,name,organization,phone,email,document_path,created_by,created_at,updated_at
00fff998-d8a7-41b0-8fd2-e153b2a8d6dd,임상현,LGE,010-8528-8017,sanghyun.lim@lge.com,,cb543b2e-ec13-4c0c-9322-1c01f363a7dd,2026-09-30 05:04:37.246477+00,2026-09-30 05:04:37.246477+00
06b73e0b-1086-48cf-b67b-f7c814e53960,노태우,aSSIST,010-4856-6605,twroh@hanyang.ac.kr,,cb543b2e-ec13-4c0c-9322-1c01f363a7dd,2026-09-30 05:13:01.785219+00,2026-09-30 05:13:01.785219+00
08077753-1d1f-458c-9945-373d699ae7a6,신상호,LGE,010-2313-9983,sangho1.shin@lge.com,,cb543b2e-ec13-4c0c-9322-1c01f363a7dd,2026-09-30 05:04:37.246477+00,2026-09-30 05:04:37.246477+00
08ec6ed0-250f-4481-bbc9-e161458d0ede,김명식,CLIPS,010-3734-6082,rekanza@hanmail.net,,cb543b2e-ec13-4c0c-9322-1c01f363a7dd,2026-09-30 05:16:56.948986+00,2026-09-30 05:16:56.948986+00
118450d4-267c-4117-9fb9-59ec629d56c0,송인해,LGE,010-2303-3503,ih.song@lge.com,,cb543b2e-ec13-4c0c-9322-1c01f363a7dd,2026-09-30 05:04:37.246477+00,2026-09-30 05:04:37.246477+00
11e05bde-c940-44f4-964b-40c55cde3448,류희영,LGE,010-2475-3472,heeyeong.ryu@lge.com,,cb543b2e-ec13-4c0c-9322-1c01f363a7dd,2026-09-30 05:04:37.246477+00,2026-09-30 05:04:37.246477+00
1542b624-9940-4a6d-824a-955d094e745a,이재환,aSSIST,010-3000-3785,jaehwan@cnu.ac.kr,,cb543b2e-ec13-4c0c-9322-1c01f363a7dd,2026-09-30 05:13:01.785219+00,2026-09-30 05:13:01.785219+00
1a666906-a09d-4495-8d8c-a1e6dcf2a7c3,최인선,LGE,010-8029-0520,is.choi@lge.com,,cb543b2e-ec13-4c0c-9322-1c01f363a7dd,2026-09-30 05:04:37.246477+00,2026-09-30 05:04:37.246477+00
1bc18d26-658c-4f89-a2c2-e01d23ff83ed,유지희,LGE,010-9175-1248,jihee.yu@lge.com,,cb543b2e-ec13-4c0c-9322-1c01f363a7dd,2026-09-30 05:04:37.246477+00,2026-09-30 05:04:37.246477+00
1be3b418-d0a5-4366-9b93-d3151c27afa1,이지연,LGE,010-2924-4355,jeon23.lee@lge.com,,cb543b2e-ec13-4c0c-9322-1c01f363a7dd,2026-09-30 05:04:37.246477+00,2026-09-30 05:04:37.246477+00
1db69a19-d2f0-4f76-ac89-c9f5953dcdd3,김용은,LGE,010-2771-7369,ye.kim@lge.com,,cb543b2e-ec13-4c0c-9322-1c01f363a7dd,2026-09-30 05:04:37.246477+00,2026-09-30 05:04:37.246477+00
21d17d88-615e-4011-a216-1aa0826f7486,백재은,CLIPS,010-3669-0593,jennapaik823@gmail.com,,cb543b2e-ec13-4c0c-9322-1c01f363a7dd,2026-09-30 05:16:56.948986+00,2026-09-30 05:16:56.948986+00
272ebfc4-e2bc-4493-8e36-19f537396466,도재헌,aSSIST,010-4250-7705,damwoosul@gmail.com,,cb543b2e-ec13-4c0c-9322-1c01f363a7dd,2026-09-30 05:13:01.785219+00,2026-09-30 05:13:01.785219+00
2b2f64d1-921c-4d19-9126-c5833aa0428a,백인선,CLIPS,010-9052-8256,pamiya12@gmail.com,,cb543b2e-ec13-4c0c-9322-1c01f363a7dd,2026-09-30 05:16:56.948986+00,2026-09-30 05:16:56.948986+00
2c084c78-885a-4f13-87eb-fe8640039b0f,민순홍,aSSIST,010-4729-6443,sminscm@yonsei.ac.kr,,cb543b2e-ec13-4c0c-9322-1c01f363a7dd,2026-09-30 05:13:01.785219+00,2026-09-30 05:13:01.785219+00
2d1a7425-6c04-4339-9dba-ce149e26b73b,김혜인,CLIPS,010-9305-1770,hyenigirl@naver.com,,cb543b2e-ec13-4c0c-9322-1c01f363a7dd,2026-09-30 05:16:56.948986+00,2026-09-30 05:16:56.948986+00
319b433a-a50d-493e-b1e7-afaf16d0baaf,이효연,CLIPS,010-3000-2011,ultrapower77@naver.com,,cb543b2e-ec13-4c0c-9322-1c01f363a7dd,2026-09-30 05:16:56.948986+00,2026-09-30 05:16:56.948986+00
31d04a3d-1ed8-4093-bb37-3a2830d34002,김유경,LGE,010-4550-5473,yk.kim@lge.com,,cb543b2e-ec13-4c0c-9322-1c01f363a7dd,2026-09-30 05:04:37.246477+00,2026-09-30 05:04:37.246477+00
35b453a5-3d0c-4d03-8f8d-6cf65d012675,정민상,LGE,010-5509-5123,minsang21c.jung@lge.com,,cb543b2e-ec13-4c0c-9322-1c01f363a7dd,2026-09-30 05:04:37.246477+00,2026-09-30 05:04:37.246477+00
36959d73-11af-41c2-807a-96dc8b6c014f,김호성,aSSIST,010-5168-4206,hskim6308@naver.com,,cb543b2e-ec13-4c0c-9322-1c01f363a7dd,2026-09-30 05:13:01.785219+00,2026-09-30 05:13:01.785219+00
37a6cfb2-8325-40ae-8604-081005fcdae4,강경옥,CLIPS,010-9299-1518,grow.kang@grabedu.com,,cb543b2e-ec13-4c0c-9322-1c01f363a7dd,2026-09-30 05:16:56.948986+00,2026-09-30 05:16:56.948986+00
38fc33ff-9062-4d06-a225-a68a8f6513cc,함혜지,LGE,010-9093-4073,hyeji.ham@lge.com,,cb543b2e-ec13-4c0c-9322-1c01f363a7dd,2026-09-30 05:04:37.246477+00,2026-09-30 05:04:37.246477+00
39bea64d-9a64-4e52-a606-197b2314529b,전재만,LGE,010-5722-4485,jaeman.chon@lge.com,,cb543b2e-ec13-4c0c-9322-1c01f363a7dd,2026-09-30 05:04:37.246477+00,2026-09-30 05:04:37.246477+00
3b98ce5e-e7b3-4e5e-94d1-122318c65e54,박경희,LGE,010-3592-0037,kyunghee.park@lge.com,,cb543b2e-ec13-4c0c-9322-1c01f363a7dd,2026-09-30 05:04:37.246477+00,2026-09-30 05:04:37.246477+00
3c0e53e2-200b-4769-a560-ccb47630cc6d,박소연,CLIPS,010-8008-2616,classon@educlasson.com,,cb543b2e-ec13-4c0c-9322-1c01f363a7dd,2026-09-30 05:16:56.948986+00,2026-09-30 05:16:56.948986+00
3e5ccd5d-328f-4cf6-94b9-62ab00c16a9d,송주한,LGE,010-3015-6488,juhan.song@lge.com,,cb543b2e-ec13-4c0c-9322-1c01f363a7dd,2026-09-30 05:04:37.246477+00,2026-09-30 05:04:37.246477+00
3f9f5f82-113b-4e18-8943-74319f037095,박정혁,LGE,010-5216-3885,junghyuk.park@lge.com,,cb543b2e-ec13-4c0c-9322-1c01f363a7dd,2026-09-30 05:04:37.246477+00,2026-09-30 05:04:37.246477+00
43c373a5-ce77-48e5-8d75-e3e82d357d38,이경훈,LGE,010-3999-6055,shawn612.lee@lge.com,,cb543b2e-ec13-4c0c-9322-1c01f363a7dd,2026-09-30 05:04:37.246477+00,2026-09-30 05:04:37.246477+00
43fa8fcd-4cba-42b7-bcde-ad76b33f8357,나은숙,CLIPS,010-4735-3695,nagoood@naver.com,,cb543b2e-ec13-4c0c-9322-1c01f363a7dd,2026-09-30 05:16:56.948986+00,2026-09-30 05:16:56.948986+00
455a6d73-a6f3-4b1f-ad60-96e9e68e9b75,김화종,aSSIST,010-3169-6323,hjkim3@gmail.com,,cb543b2e-ec13-4c0c-9322-1c01f363a7dd,2026-09-30 05:13:01.785219+00,2026-09-30 05:13:01.785219+00
4577b1a5-bce2-4770-be1c-f791e08eaffa,김진영,CLIPS,010-9197-4379,kim-jy1225@hanmail.net,,cb543b2e-ec13-4c0c-9322-1c01f363a7dd,2026-09-30 05:16:56.948986+00,2026-09-30 05:16:56.948986+00
460b76d6-871b-43a9-b877-2456293a6a53,신서희,LGE,010-8828-3471,seohee.shin@lge.com,,cb543b2e-ec13-4c0c-9322-1c01f363a7dd,2026-09-30 05:04:37.246477+00,2026-09-30 05:04:37.246477+00
478c976d-46d1-4bc4-aa54-9465f13ee86f,심현수,CLIPS,010-8758-7678,hyun_soos@hotmail.com,,cb543b2e-ec13-4c0c-9322-1c01f363a7dd,2026-09-30 05:16:56.948986+00,2026-09-30 05:16:56.948986+00
49ced1b5-c70f-411c-8442-1cd2c2bbee4d,박현정,aSSIST,010-2601-3904,phj@cbnu.ac.kr,,cb543b2e-ec13-4c0c-9322-1c01f363a7dd,2026-09-30 05:13:01.785219+00,2026-09-30 05:13:01.785219+00
4b2ad1a1-a4ee-4589-a376-34c1dd5a12a7,이지연,LGE,010-2924-4355,jeon23.lee@lge.com,,cb543b2e-ec13-4c0c-9322-1c01f363a7dd,2026-09-30 05:04:37.246477+00,2026-09-30 05:04:37.246477+00
4b3bbd43-d064-43f0-9f41-2edf653e7695,박미란,CLIPS,010-6470-8721,pnp_edu@naver.com,,cb543b2e-ec13-4c0c-9322-1c01f363a7dd,2026-09-30 05:16:56.948986+00,2026-09-30 05:16:56.948986+00
4de06af8-c8e9-4076-8b0f-701dab049a5d,류희영,LGE,010-2475-3472,heeyeong.ryu@lge.com,,cb543b2e-ec13-4c0c-9322-1c01f363a7dd,2026-09-30 05:04:37.246477+00,2026-09-30 05:04:37.246477+00
4dfc72ee-0805-43c6-b8a2-86d8468e65b6,김재은,aSSIST,010-8884-6868,jekim@ips.or.kr,,cb543b2e-ec13-4c0c-9322-1c01f363a7dd,2026-09-30 05:13:01.785219+00,2026-09-30 05:13:01.785219+00
578b1625-7f4e-4639-94b9-2139149ebe1f,최태혁,LGE,010-2666-3174,taehyeok.choi@lge.com,,cb543b2e-ec13-4c0c-9322-1c01f363a7dd,2026-09-30 05:04:37.246477+00,2026-09-30 05:04:37.246477+00
58009bb0-9587-4e09-b761-945d6a5c7dac,신영철,aSSIST,010-4162-6023,youngchul@ajou.ac.kr,,cb543b2e-ec13-4c0c-9322-1c01f363a7dd,2026-09-30 05:13:01.785219+00,2026-09-30 05:13:01.785219+00
58505c88-adfc-4c57-b1e2-978dc63074b2,박경희,LGE,010-3592-0037,kyunghee.park@lge.com,,cb543b2e-ec13-4c0c-9322-1c01f363a7dd,2026-09-30 05:04:37.246477+00,2026-09-30 05:04:37.246477+00
609b1ea7-4eaf-491f-8ff3-7b2a9b01f2a7,손수형,LGE,010-9958-1639,soohyoung.son@lge.com,,cb543b2e-ec13-4c0c-9322-1c01f363a7dd,2026-09-30 05:04:37.246477+00,2026-09-30 05:04:37.246477+00
628be90e-b5fb-4313-bbcb-52dee64acdde,하수경,aSSIST,010-8935-3500,skha@assist.ac.kr,,cb543b2e-ec13-4c0c-9322-1c01f363a7dd,2026-09-30 05:13:01.785219+00,2026-09-30 05:13:01.785219+00
6343e30c-0f23-485b-96d4-48af2562b0c9,남미현,CLIPS,010-4252-1627,hansol0411@naver.com,,cb543b2e-ec13-4c0c-9322-1c01f363a7dd,2026-09-30 05:16:56.948986+00,2026-09-30 05:16:56.948986+00
6477a6a6-ec9e-4ff6-b171-fe04f01370d1,김경아,CLIPS,010-4506-5699,kka00@paran.com,,cb543b2e-ec13-4c0c-9322-1c01f363a7dd,2026-09-30 05:16:56.948986+00,2026-09-30 05:16:56.948986+00
6ac75684-6b91-461d-83da-b61ae5a3e3b3,송수복,LGE,010-8179-3121,soobok.song@lge.com,,cb543b2e-ec13-4c0c-9322-1c01f363a7dd,2026-09-30 05:04:37.246477+00,2026-09-30 05:04:37.246477+00
6c71bb10-528b-44b9-b55d-4e4f478c828e,윤재호,CLIPS,010-2785-1892,goose1234@naver.com,,cb543b2e-ec13-4c0c-9322-1c01f363a7dd,2026-09-30 05:16:56.948986+00,2026-09-30 05:16:56.948986+00
6e941fe3-d518-48e8-9626-58c3850ffb42,김남희,CLIPS,010-4721-4000,282nina@hanmail.net,,cb543b2e-ec13-4c0c-9322-1c01f363a7dd,2026-09-30 05:16:56.948986+00,2026-09-30 05:16:56.948986+00
6faf5b2e-388d-40d9-9965-296335890daf,권순규,LGE,010-7526-9967,soonkyu.kwon@lge.com,,cb543b2e-ec13-4c0c-9322-1c01f363a7dd,2026-09-30 05:04:37.246477+00,2026-09-30 05:04:37.246477+00
75e347e9-c245-4b5b-8f40-92b6a36fff00,임고운,LGE,010-2326-8974,kowoon.lim@lge.com,,cb543b2e-ec13-4c0c-9322-1c01f363a7dd,2026-09-30 05:04:37.246477+00,2026-09-30 05:04:37.246477+00
77a57e7f-ca94-4c1f-a450-b1a0546e637a,백주은,CLIPS,010-3299-7673,dicpje@gmail.com,,cb543b2e-ec13-4c0c-9322-1c01f363a7dd,2026-09-30 05:16:56.948986+00,2026-09-30 05:16:56.948986+00
7b49cce9-e960-42fb-bc8a-f243f71442d0,박혜원,CLIPS,010-8080-9621,imwonya@naver.com,,cb543b2e-ec13-4c0c-9322-1c01f363a7dd,2026-09-30 05:16:56.948986+00,2026-09-30 05:16:56.948986+00
7e2b1fda-b327-4ca6-b42b-45f280d4c1ca,김화종,aSSIST,010-3169-6323,hjkim3@gmail.com,,cb543b2e-ec13-4c0c-9322-1c01f363a7dd,2026-09-30 05:13:01.785219+00,2026-09-30 05:13:01.785219+00
844ca083-cc30-4303-b9b3-11a6adac53e6,최은영,LGE,010-9357-3628,ey.choi@lge.com,,cb543b2e-ec13-4c0c-9322-1c01f363a7dd,2026-09-30 05:04:37.246477+00,2026-09-30 05:04:37.246477+00
85201e54-6b80-48e0-a9f3-9fff2d520463,오성욱,CLIPS,010-4643-2222,ssimlab@naver.com,,cb543b2e-ec13-4c0c-9322-1c01f363a7dd,2026-09-30 05:16:56.948986+00,2026-09-30 05:16:56.948986+00
856fcdc9-eb34-429a-aabe-54f95f512927,나종훈,LGE,010-4159-0840,jonghun.na@lge.com,,cb543b2e-ec13-4c0c-9322-1c01f363a7dd,2026-09-30 05:04:37.246477+00,2026-09-30 05:04:37.246477+00
86127f43-8eb8-497c-ba10-ca24a03952d8,지미옥,CLIPS,010-9112-2358,jimiok24@gmail.com,,cb543b2e-ec13-4c0c-9322-1c01f363a7dd,2026-09-30 05:16:56.948986+00,2026-09-30 05:16:56.948986+00
86154d26-8db5-4315-8d40-9f0ce7ef54f3,류희영,LGE,010-2475-3472,heeyeong.ryu@lge.com,,cb543b2e-ec13-4c0c-9322-1c01f363a7dd,2026-09-30 05:04:37.246477+00,2026-09-30 05:04:37.246477+00
8a3f0a33-cf5e-4026-938e-eea044ad11a6,신예진,LGE,010-2667-1741,yejin.shin@lge.com,,cb543b2e-ec13-4c0c-9322-1c01f363a7dd,2026-09-30 05:04:37.246477+00,2026-09-30 05:04:37.246477+00
8e4d113f-514c-4a04-a74f-731c252df481,임준수,aSSIST,010-8654-9841,logan.lim@omnioinc.com,,cb543b2e-ec13-4c0c-9322-1c01f363a7dd,2026-09-30 05:13:01.785219+00,2026-09-30 05:13:01.785219+00
8f8297ae-a431-4a39-a51d-c7ef40d3dd47,김민경,CLIPS,010-9067-0434,grow.irum@grabedu.com,,cb543b2e-ec13-4c0c-9322-1c01f363a7dd,2026-09-30 05:16:56.948986+00,2026-09-30 05:16:56.948986+00
90e3428c-a49f-40ea-9437-26f1e51546d8,임고운,LGE,010-2326-8974,kowoon.lim@lge.com,,cb543b2e-ec13-4c0c-9322-1c01f363a7dd,2026-09-30 05:04:37.246477+00,2026-09-30 05:04:37.246477+00
938bd0cb-5d15-4efa-b518-b7ac0e2220af,이동현,aSSIST,010-4402-3202,dhlee67@catholic.ac.kr,,cb543b2e-ec13-4c0c-9322-1c01f363a7dd,2026-09-30 05:13:01.785219+00,2026-09-30 05:13:01.785219+00
94e39c0e-b709-44a9-880b-d7451641ebee,하주영,CLIPS,010-2739-9027,aarony0427@naver.com,,cb543b2e-ec13-4c0c-9322-1c01f363a7dd,2026-09-30 05:16:56.948986+00,2026-09-30 05:16:56.948986+00
95e2ba9d-40d9-4436-946d-3e40b4730014,전상혁,LGE,010-3944-6880,sanghyuk.jun@lge.com,,cb543b2e-ec13-4c0c-9322-1c01f363a7dd,2026-09-30 05:04:37.246477+00,2026-09-30 05:04:37.246477+00
9ab48605-3bc0-4812-a8bd-db70ede7a61e,신지혜,CLIPS,010-3181-0402,gininura@naver.com,,cb543b2e-ec13-4c0c-9322-1c01f363a7dd,2026-09-30 05:16:56.948986+00,2026-09-30 05:16:56.948986+00
9d027e51-352f-4403-8f30-90a9d1cdb643,하예지,LGE,010-5176-0401,yeji.ha@lge.com,,cb543b2e-ec13-4c0c-9322-1c01f363a7dd,2026-09-30 05:04:37.246477+00,2026-09-30 05:04:37.246477+00
9d3d0579-d420-443f-a4a1-b0ef0465b2c4,송태호,aSSIST,010-9146-1242,thsong@pusan.ac.kr,,cb543b2e-ec13-4c0c-9322-1c01f363a7dd,2026-09-30 05:13:01.785219+00,2026-09-30 05:13:01.785219+00
9ecd7cac-1cba-4337-a0c2-a8b5c5cddd67,김정은,LGE,010-5669-3161,jeun15.kim@lge.com,,cb543b2e-ec13-4c0c-9322-1c01f363a7dd,2026-09-30 05:04:37.246477+00,2026-09-30 05:04:37.246477+00
a00291ef-1027-482e-8a4b-34ced725d94d,이송희,CLIPS,010-8951-1899,gaia7366@naver.com,,cb543b2e-ec13-4c0c-9322-1c01f363a7dd,2026-09-30 05:16:56.948986+00,2026-09-30 05:16:56.948986+00
a017a90f-1ae8-4277-a243-313a8f4d8d57,권효은,CLIPS,010-2129-2929,mehyoeun@naver.com,,cb543b2e-ec13-4c0c-9322-1c01f363a7dd,2026-09-30 05:16:56.948986+00,2026-09-30 05:16:56.948986+00
a18d7709-7d7a-4583-a6c7-455f58e2091c,김보람,CLIPS,010-6247-8189,kbr8189@naver.com,,cb543b2e-ec13-4c0c-9322-1c01f363a7dd,2026-09-30 05:16:56.948986+00,2026-09-30 05:16:56.948986+00
a4aad056-f395-42a5-9d13-a3e6c8be596c,황은희,CLIPS,010-2501-6396,jobcoach1@naver.com,,cb543b2e-ec13-4c0c-9322-1c01f363a7dd,2026-09-30 05:16:56.948986+00,2026-09-30 05:16:56.948986+00
a650a902-9125-4f04-b1b7-9ff16e446f59,황애경,LGE,010-3797-6352,aekyoung.hwang@lge.com,,cb543b2e-ec13-4c0c-9322-1c01f363a7dd,2026-09-30 05:04:37.246477+00,2026-09-30 05:04:37.246477+00
a6bf4c70-5cda-46ef-8861-8498b3c589bb,김형수,aSSIST,010-2310-7645,hskim8035@gmail.com,,cb543b2e-ec13-4c0c-9322-1c01f363a7dd,2026-09-30 05:13:01.785219+00,2026-09-30 05:13:01.785219+00
a71de4e0-864b-4574-808c-72ad6b41a6fe,차성연,LGE,010-2450-1172,sungyean.cha@lge.com,,cb543b2e-ec13-4c0c-9322-1c01f363a7dd,2026-09-30 05:04:37.246477+00,2026-09-30 05:04:37.246477+00
a72ab973-6cdf-48ff-bf31-7c2469a1cc28,박승욱,aSSIST,010-4615-2351,separk6112@inha.ac.kr,,cb543b2e-ec13-4c0c-9322-1c01f363a7dd,2026-09-30 05:13:01.785219+00,2026-09-30 05:13:01.785219+00
a7dd5ff5-19a4-4c8e-ac18-5773399514f4,신호상,aSSIST,010-3771-8948,hsshin@assist.ac.kr,,cb543b2e-ec13-4c0c-9322-1c01f363a7dd,2026-09-30 05:13:01.785219+00,2026-09-30 05:13:01.785219+00
a8b4e565-62af-48c4-b9bd-8713433e8b13,남태양,LGE,010-2239-8614,ty.nam@lge.com,,cb543b2e-ec13-4c0c-9322-1c01f363a7dd,2026-09-30 05:04:37.246477+00,2026-09-30 05:04:37.246477+00
a962fd6a-69d3-4217-b7f9-9732cfd5c672,차지희,LGE,010-8290-5080,jihee.cha@lge.com,,cb543b2e-ec13-4c0c-9322-1c01f363a7dd,2026-09-30 05:04:37.246477+00,2026-09-30 05:04:37.246477+00
a973e472-fa2e-4e4b-8aa6-61d367f8411f,조익규,LGE,010-5659-6185,ikgyu.jo@lge.com,,cb543b2e-ec13-4c0c-9322-1c01f363a7dd,2026-09-30 05:04:37.246477+00,2026-09-30 05:04:37.246477+00
ad46cf0f-3204-4301-98db-78ea86fba79e,김유리,CLIPS,010-9091-3513,goodluck_yul@naver.com,,cb543b2e-ec13-4c0c-9322-1c01f363a7dd,2026-09-30 05:16:56.948986+00,2026-09-30 05:16:56.948986+00
adbcc0d8-0a3f-488c-907b-acbaa4f7bdb4,류희영,LGE,010-2475-3472,heeyeong.ryu@lge.com,,cb543b2e-ec13-4c0c-9322-1c01f363a7dd,2026-09-30 05:04:37.246477+00,2026-09-30 05:04:37.246477+00
b090d730-2237-48ef-98f4-de745d1a5b0c,김종혁,aSSIST,010-2414-3329,jazzmania74@gmail.com,,cb543b2e-ec13-4c0c-9322-1c01f363a7dd,2026-09-30 05:13:01.785219+00,2026-09-30 05:13:01.785219+00
b0f6f9ec-9dc8-40e1-a592-8b157a643855,김명수,aSSIST,010-3129-0224,mysoo@kangwon.ac.kr,,cb543b2e-ec13-4c0c-9322-1c01f363a7dd,2026-09-30 05:13:01.785219+00,2026-09-30 05:13:01.785219+00
b2eaf55c-5025-4193-ad01-d52ff037c63d,이한나,LGE,010-8302-0808,hannnah.lee@lge.com,,cb543b2e-ec13-4c0c-9322-1c01f363a7dd,2026-09-30 05:04:37.246477+00,2026-09-30 05:04:37.246477+00
b43b1f84-9195-4fa9-843b-b3472cd13542,유홍은,LGE,010-7585-4662,hongeun.yoo@lge.com,,cb543b2e-ec13-4c0c-9322-1c01f363a7dd,2026-09-30 05:04:37.246477+00,2026-09-30 05:04:37.246477+00
b5312c97-39a0-487c-baf7-55336bcc3f3f,김보성,CLIPS,010-2855-5000,im2829@naver.com,,cb543b2e-ec13-4c0c-9322-1c01f363a7dd,2026-09-30 05:16:56.948986+00,2026-09-30 05:16:56.948986+00
b63787a4-a473-4927-bbf5-096e9b8da3f5,이승하,LGE,010-2089-0979,seungha.lee@lge.com,,cb543b2e-ec13-4c0c-9322-1c01f363a7dd,2026-09-30 05:04:37.246477+00,2026-09-30 05:04:37.246477+00
bba3f894-ef14-45c9-b95c-632f4dc6e0e6,김주현,LGE,010-2433-0825,juhyeon.kim@lge.com,,cb543b2e-ec13-4c0c-9322-1c01f363a7dd,2026-09-30 05:04:37.246477+00,2026-09-30 05:04:37.246477+00
becf8189-f8e2-400c-87f9-ae14b78cace1,남미진,CLIPS,010-6424-8453,mindmj53@gmail.com,,cb543b2e-ec13-4c0c-9322-1c01f363a7dd,2026-09-30 05:16:56.948986+00,2026-09-30 05:16:56.948986+00
bf3a791f-ec4e-48d2-bcd0-0e41af988fd1,김수림,LGE,010-5897-1783,surim93.kim@lge.com,,cb543b2e-ec13-4c0c-9322-1c01f363a7dd,2026-09-30 05:04:37.246477+00,2026-09-30 05:04:37.246477+00
bfb9913e-04c0-4322-ab30-92b15bcc5127,김성민,aSSIST,010-2965-2849,sungmin@sjcu.ac.kr,,cb543b2e-ec13-4c0c-9322-1c01f363a7dd,2026-09-30 05:13:01.785219+00,2026-09-30 05:13:01.785219+00
c053b2b2-f116-4324-a4c7-e1b1666a71c0,박정혁,LGE,010-5216-3885,junghyuk.park@lge.com,,cb543b2e-ec13-4c0c-9322-1c01f363a7dd,2026-09-30 05:04:37.246477+00,2026-09-30 05:04:37.246477+00
c1e54521-d4c1-41da-9798-ea2549d75356,이가혁,CLIPS,010-8748-7543,csrlgh@gmail.com,,cb543b2e-ec13-4c0c-9322-1c01f363a7dd,2026-09-30 05:16:56.948986+00,2026-09-30 05:16:56.948986+00
c2526dd5-4b25-4aad-84c9-249051ff6512,유정숙,CLIPS,010-3567-7607,metsook@naver.com,,cb543b2e-ec13-4c0c-9322-1c01f363a7dd,2026-09-30 05:16:56.948986+00,2026-09-30 05:16:56.948986+00
c37f4097-1c8d-49ac-acdc-a97295a44d42,박유진,CLIPS,010-2690-3656,swyj0429@naver.com,,cb543b2e-ec13-4c0c-9322-1c01f363a7dd,2026-09-30 05:16:56.948986+00,2026-09-30 05:16:56.948986+00
c4910664-e37a-4861-a693-1f5b2dec9c4a,김상영,CLIPS,010-6288-8141,kimsy8141@hanmail.net,,cb543b2e-ec13-4c0c-9322-1c01f363a7dd,2026-09-30 05:16:56.948986+00,2026-09-30 05:16:56.948986+00
c5282dfc-bfef-45ad-8bb2-3e820678fb73,안아름,CLIPS,010-7125-8479,ar_ahn@naver.com,,cb543b2e-ec13-4c0c-9322-1c01f363a7dd,2026-09-30 05:16:56.948986+00,2026-09-30 05:16:56.948986+00
c7217f85-b9fb-4dd7-8605-1ea430705cea,박경희,LGE,010-3592-0037,kyunghee.park@lge.com,,cb543b2e-ec13-4c0c-9322-1c01f363a7dd,2026-09-30 05:04:37.246477+00,2026-09-30 05:04:37.246477+00
cbb533e8-1bcb-48ea-8f6e-f690c5f7c741,강보혜,LGE,010-4880-2238,bohye.kang@lge.com,,cb543b2e-ec13-4c0c-9322-1c01f363a7dd,2026-09-30 05:04:37.246477+00,2026-09-30 05:04:37.246477+00
d4750c94-5e23-4fcb-b0b4-dd50f7edf875,천보영,LGE,010-2351-0231,boyoung.cheon@lge.com,,cb543b2e-ec13-4c0c-9322-1c01f363a7dd,2026-09-30 05:04:37.246477+00,2026-09-30 05:04:37.246477+00
d5faaa89-3844-4fba-9e5b-6640cf8fab86,이진아,CLIPS,010-2039-5045,k536271@naver.com,,cb543b2e-ec13-4c0c-9322-1c01f363a7dd,2026-09-30 05:16:56.948986+00,2026-09-30 05:16:56.948986+00
d63eb1b3-7975-41a1-a71b-90f7376fa24b,정준수,aSSIST,010-5359-3644,jsjeong@puzzlesystems.co.kr,,cb543b2e-ec13-4c0c-9322-1c01f363a7dd,2026-09-30 05:13:01.785219+00,2026-09-30 05:13:01.785219+00
d6440f86-3cff-4085-997d-97ef45009cca,이미영,CLIPS,010-8986-0321,dacompanyceo@naver.com,,cb543b2e-ec13-4c0c-9322-1c01f363a7dd,2026-09-30 05:16:56.948986+00,2026-09-30 05:16:56.948986+00
d8db20b3-c4e6-4692-88ab-67bed27a27ca,이경재,LGE,010-8741-2517,kyongjae.lee@lge.com,,cb543b2e-ec13-4c0c-9322-1c01f363a7dd,2026-09-30 05:04:37.246477+00,2026-09-30 05:04:37.246477+00
de45cc82-567a-47e0-a9fd-0e6aa244b3b8,이경재,LGE,010-8741-2517,kyongjae.lee@lge.com,,cb543b2e-ec13-4c0c-9322-1c01f363a7dd,2026-09-30 05:04:37.246477+00,2026-09-30 05:04:37.246477+00
de840439-a339-448d-84a9-09af211512c4,손성완,LGE,010-5234-5790,soshirr.sohn@lge.com,,cb543b2e-ec13-4c0c-9322-1c01f363a7dd,2026-09-30 05:04:37.246477+00,2026-09-30 05:04:37.246477+00
dfd3d3b4-c8ea-48a0-af58-325f4052c9ed,김윤경,aSSIST,010-9085-1836,yoonkim3@gmail.com,,cb543b2e-ec13-4c0c-9322-1c01f363a7dd,2026-09-30 05:13:01.785219+00,2026-09-30 05:13:01.785219+00
e6cd8ed7-ef78-4344-8c59-2a04a5b766ae,강보혜,LGE,010-4880-2238,bohye.kang@lge.com,,cb543b2e-ec13-4c0c-9322-1c01f363a7dd,2026-09-30 05:04:37.246477+00,2026-09-30 05:04:37.246477+00
e767dae7-b509-433e-b3e8-950ef7dc74d4,박경희,LGE,010-3592-0037,kyunghee.park@lge.com,,cb543b2e-ec13-4c0c-9322-1c01f363a7dd,2026-09-30 05:04:37.246477+00,2026-09-30 05:04:37.246477+00
e92796d9-1fd7-45ce-8f7c-b6182067142d,김지영,CLIPS,010-2723-1109,yenkhy@gmail.com,,cb543b2e-ec13-4c0c-9322-1c01f363a7dd,2026-09-30 05:16:56.948986+00,2026-09-30 05:16:56.948986+00
e9ca7203-1b73-46c9-aa45-289d8648c03d,유지원,LGE,010-2791-3773,jiwon.yoo@lge.com,,cb543b2e-ec13-4c0c-9322-1c01f363a7dd,2026-09-30 05:04:37.246477+00,2026-09-30 05:04:37.246477+00
e9f200bd-2f3a-4611-93d5-a1773729a1b8,손미선,CLIPS,010-4475-5012,me3723@naver.com,,cb543b2e-ec13-4c0c-9322-1c01f363a7dd,2026-09-30 05:16:56.948986+00,2026-09-30 05:16:56.948986+00
eb8104ee-7a3a-4705-968d-9fde9ee0a1be,정준수,aSSIST,010-5359-3644,jsjeong@puzzlesystems.co.kr,,cb543b2e-ec13-4c0c-9322-1c01f363a7dd,2026-09-30 05:13:01.785219+00,2026-09-30 05:13:01.785219+00
f28b8897-1d54-49a3-9bdf-6662f308459a,박선민,CLIPS,010-5000-1827,hyhj0422@naver.com,,cb543b2e-ec13-4c0c-9322-1c01f363a7dd,2026-09-30 05:16:56.948986+00,2026-09-30 05:16:56.948986+00
f2a2d518-d626-4ad1-9082-0c494794aa1a,최정욱,aSSIST,010-5216-0385,jwchoi@kookmin.ac.kr,,cb543b2e-ec13-4c0c-9322-1c01f363a7dd,2026-09-30 05:13:01.785219+00,2026-09-30 05:13:01.785219+00
f36278e8-bd0d-4db9-a45a-4d6e06c8b814,임고운,LGE,010-2326-8974,kowoon.lim@lge.com,,cb543b2e-ec13-4c0c-9322-1c01f363a7dd,2026-09-30 05:04:37.246477+00,2026-09-30 05:04:37.246477+00
f4c6a46d-a8bf-4efd-90c2-00f42245a58b,구은하,LGE,010-2447-2847,eunha.koo@lge.com,,cb543b2e-ec13-4c0c-9322-1c01f363a7dd,2026-09-30 05:04:37.246477+00,2026-09-30 05:04:37.246477+00
f6c4c508-ae0f-4c3a-825f-abd4b34322e0,김윤경,aSSIST,010-9085-1836,yoonkim3@gmail.com,,cb543b2e-ec13-4c0c-9322-1c01f363a7dd,2026-09-30 05:13:01.785219+00,2026-09-30 05:13:01.785219+00
fb07cd17-7860-45dd-9b9c-74ac46519d22,김지연,aSSIST,010-3686-5237,joyce3km@naver.com,,cb543b2e-ec13-4c0c-9322-1c01f363a7dd,2026-09-30 05:13:01.785219+00,2026-09-30 05:13:01.785219+00
fb5def13-7f03-4012-8f90-aeac22bca66d,유지원,LGE,010-2791-3773,jiwon.yoo@lge.com,,cb543b2e-ec13-4c0c-9322-1c01f363a7dd,2026-09-30 05:04:37.246477+00,2026-09-30 05:04:37.246477+00
fdc08d17-8604-498c-b829-db20f29640ba,임고운,LGE,010-2326-8974,kowoon.lim@lge.com,,cb543b2e-ec13-4c0c-9322-1c01f363a7dd,2026-09-30 05:04:37.246477+00,2026-09-30 05:04:37.246477+00